city,animal_group,record_count,species_richness
Sydney,Bird,2753002,498
Sydney,Mammal,219224,117
Sydney,Reptile,58223,134
Sydney,Insect,172831,3748
Melbourne,Bird,4727187,380
Melbourne,Mammal,48848,84
Melbourne,Reptile,11750,50
Melbourne,Insect,339177,3873
Brisbane,Bird,3743661,413
Brisbane,Mammal,32146,73
Brisbane,Reptile,19094,95
Brisbane,Insect,250019,4097
Adelaide,Bird,537576,308
Adelaide,Mammal,19218,48
Adelaide,Reptile,5154,50
Adelaide,Insect,78112,1900
Perth,Bird,1349442,301
Perth,Mammal,4746,38
Perth,Reptile,15596,84
Perth,Insect,50331,1739
Hobart,Bird,316897,180
Hobart,Mammal,2124,34
Hobart,Reptile,252,12
Hobart,Insect,13223,1352
Darwin,Bird,582972,322
Darwin,Mammal,1958,44
Darwin,Reptile,3401,79
Darwin,Insect,16222,932
Canberra–Queanbeyan,Bird,1960154,298
Canberra–Queanbeyan,Mammal,10179,50
Canberra–Queanbeyan,Reptile,5214,50
Canberra–Queanbeyan,Insect,103764,2793
