animal_group,family,species_richness,record_count
Bird,Meliphagidae,60,1759450
Bird,Psittacidae,40,1080771
Bird,Procellariidae,36,4629
Bird,Acanthizidae,31,397090
Bird,Scolopacidae,31,122333
Bird,Laridae,29,300349
Bird,Anatidae,27,1094633
Bird,Columbidae,25,869182
Bird,Accipitridae,18,222891
Bird,Estrildidae,18,132167
Bird,Ardeidae,17,362265
Bird,Petroicidae,17,72030
Bird,Charadriidae,16,264126
Bird,Artamidae,15,1210136
Bird,Cacatuidae,13,819255
Bird,Rallidae,13,705652
Bird,Cuculidae,11,147762
Bird,Diomedeidae,11,2365
Bird,Alcedinidae,10,300898
Bird,Maluridae,10,308370
Bird,Monarchidae,10,461631
Bird,Pachycephalidae,9,152045
Bird,Phasianidae,8,20003
Bird,Rhipiduridae,7,454910
Bird,Campephagidae,6,160670
Bird,Climacteridae,6,17952
Bird,Corvidae,6,516448
Bird,Falconidae,6,51757
Bird,Hirundinidae,6,399062
Bird,Strigidae,6,25095
Bird,Phalacrocoracidae,5,445628
Bird,Ptilonorhynchidae,5,23541
Bird,Spheniscidae,5,894
Bird,Stercorariidae,5,1384
Bird,Sulidae,5,8696
Bird,Threskiornithidae,5,434544
Bird,Turnicidae,5,1640
Bird,Locustellidae,4,59771
Bird,Motacillidae,4,12698
Bird,Pardalotidae,4,216715
Bird,Turdidae,4,136767
Bird,Tytonidae,4,2448
Bird,Apodidae,3,9247
Bird,Caprimulgidae,3,1822
Bird,Fregatidae,3,514
Bird,Oceanitidae,3,146
Bird,Oriolidae,3,149055
Bird,Podicipedidae,3,177244
Bird,Recurvirostridae,3,65911
Bird,Sturnidae,3,401825
Bird,Acrocephalidae,2,72533
Bird,Alaudidae,2,6659
Bird,Burhinidae,2,17012
Bird,Casuariidae,2,440
Bird,Cinclosomatidae,2,63
Bird,Cisticolidae,2,45731
Bird,Corcoracidae,2,14982
Bird,Fringillidae,2,38734
Bird,Glareolidae,2,427
Bird,Haematopodidae,2,29252
Bird,Megapodiidae,2,81805
Bird,Menuridae,2,4419
Bird,Passeridae,2,74953
Bird,Pittidae,2,1867
Bird,Podargidae,2,65556
Bird,Pomatostomidae,2,2653
Bird,Psophodidae,2,40673
Bird,Pycnonotidae,2,18181
Bird,Zosteropidae,2,153297
Bird,Phaethontidae,2,25
Bird,Aegothelidae,1,2470
Bird,Anhingidae,1,100506
Bird,Anseranatidae,1,15650
Bird,Ciconiidae,1,2555
Bird,Coraciidae,1,17436
Bird,Dicaeidae,1,33468
Bird,Dicruridae,1,38585
Bird,Falcunculidae,1,1559
Bird,Gruidae,1,852
Bird,Jacanidae,1,14807
Bird,Meropidae,1,50010
Bird,Neosittidae,1,2235
Bird,Numididae,1,595
Bird,Pelecanidae,1,104696
Bird,Oreoicidae,1,10
Bird,Rostratulidae,1,331
Bird,Orthonychidae,1,7
Bird,Otididae,1,4
Bird,Hydrobatidae,1,1
Bird,Nectariniidae,1,1
Bird,Odontophoridae,1,1
Bird,Paradisaeidae,1,2
Bird,Struthionidae,1,3
Insect,Geometridae,543,41709
Insect,Oecophoridae,466,15647
Insect,Erebidae,383,27542
Insect,Formicidae,351,26677
Insect,Chrysomelidae,321,14295
Insect,Curculionidae,293,4837
Insect,Cerambycidae,283,5186
Insect,Crambidae,260,18607
Insect,Noctuidae,208,21562
Insect,Buprestidae,198,1989
Insect,Tortricidae,167,8450
Insect,Scarabaeidae,154,14270
Insect,Colletidae,153,2234
Insect,Pentatomidae,139,11061
Insect,Pyralidae,132,8172
Insect,Tenebrionidae,128,4474
Insect,Cicadellidae,123,2770
Insect,Ichneumonidae,96,3064
Insect,Cicadidae,95,13306
Insect,Gelechiidae,92,910
Insect,Cleridae,86,785
Insect,Nolidae,82,3058
Insect,Yloryctidae,82,1415
Insect,Tettigoniidae,79,5750
Insect,Carabidae,78,632
Insect,Reduviidae,73,5145
Insect,Syrphidae,73,7819
Insect,Cosmopterigidae,72,1319
Insect,Acrididae,71,8756
Insect,Bombyliidae,70,791
Insect,Lycaenidae,70,15286
Insect,Culicidae,69,2751
Insect,Asilidae,67,2011
Insect,Hesperiidae,66,12285
Insect,Depressariidae,64,1161
Insect,Therevidae,64,498
Insect,Coccinellidae,63,22212
Insect,Tineidae,61,2825
Insect,Halictidae,58,2351
Insect,Miridae,52,1716
Insect,Megachilidae,51,1590
Insect,Nymphalidae,51,36641
Insect,Tephritidae,51,1371
Insect,Rhyparochromidae,50,969
Insect,Tachinidae,49,923
Insect,Sphingidae,48,2790
Insect,Pergidae,47,1628
Insect,Vespidae,46,6355
Insect,Hepialidae,44,2307
Insect,Aphididae,43,1020
Insect,Crabronidae,40,488
Insect,Eriococcidae,40,1018
Insect,Cossidae,39,656
Insect,Libellulidae,39,19560
Insect,Lauxaniidae,38,1833
Insect,Limoniidae,38,874
Insect,Psychidae,36,3951
Insect,Aphalaridae,35,617
Insect,Elateridae,35,624
Insect,Coreidae,34,3357
Insect,Blattidae,33,1583
Insect,Notodontidae,33,2835
Insect,Gracillariidae,32,479
Insect,Staphylinidae,32,259
Insect,Apidae,31,15748
Insect,Calliphoridae,31,3525
Insect,Anthelidae,30,2021
Insect,Belidae,29,607
Insect,Chironomidae,29,384
Insect,Dolichopodidae,29,2161
Insect,Melyridae,28,667
Insect,Muscidae,28,855
Insect,Lasiocampidae,27,1118
Insect,Tiphiidae,27,642
Insect,Drosophilidae,26,168
Insect,Cecidomyiidae,25,890
Insect,Pieridae,25,12308
Insect,Aleyrodidae,24,287
Insect,Gasteruptiidae,24,139
Insect,Lygaeidae,24,1003
Insect,Phasmatidae,24,2892
Insect,Tingidae,24,369
Insect,Braconidae,23,174
Insect,Myrmeleontidae,23,537
Insect,Stratiomyidae,23,3699
Insect,Tabanidae,23,441
Insect,Aeshnidae,22,3459
Insect,Coenagrionidae,22,8030
Insect,Mantidae,22,8887
Insect,Mordellidae,22,450
Insect,Sphecidae,22,1193
Insect,Tipulidae,22,1860
Insect,Heteromyzidae,21,476
Insect,Mantispidae,21,519
Insect,Stathmopodidae,21,718
Insect,Coccidae,20,1012
Insect,Lecithoceridae,20,789
Insect,Limacodidae,20,1351
Insect,Mutillidae,20,114
Insect,Nitidulidae,20,144
Insect,Dermestidae,19,1195
Insect,Diaspididae,19,94
Insect,Pterophoridae,19,2199
Insect,Glyphipterigidae,18,537
Insect,Lycidae,18,1371
Insect,Membracidae,18,793
Insect,Oedemeridae,18,95
Insect,Pteromalidae,18,1017
Insect,Ptinidae,18,117
Insect,Zygaenidae,18,380
Insect,Acanthosomatidae,17,201
Insect,Blaberidae,17,1311
Insect,Chrysopidae,17,2801
Insect,Lucanidae,17,1667
Insect,Platystomatidae,17,1208
Insect,Anthribidae,16,82
Insect,Erotylidae,16,228
Insect,Flatidae,16,2562
Insect,Dytiscidae,15,292
Insect,Hemerobiidae,15,2443
Insect,Blattellidae,14,263
Insect,Brentidae,14,197
Insect,Pseudophyllodromiidae,14,3800
Insect,Scutelleridae,14,4776
Insect,Euteliidae,13,339
Insect,Bostrichidae,12,54
Insect,Nanaomantidae,12,356
Insect,Pompilidae,12,177
Insect,Termitidae,12,174
Insect,Trigonidiidae,12,81
Insect,Yponomeutidae,12,245
Insect,Achilidae,11,115
Insect,Agromyzidae,11,676
Insect,Alydidae,11,1806
Insect,Ascalaphidae,11,101
Insect,Eulophidae,11,255
Insect,Gomphidae,11,993
Insect,Lonchodidae,11,101
Insect,Papilionidae,11,8069
Insect,Pseudococcidae,11,113
Insect,Pyrgomorphidae,11,540
Insect,Thyrididae,11,131
Insect,Aradidae,10,51
Insect,Cantharidae,10,2931
Insect,Choreutidae,10,569
Insect,Derbidae,10,313
Insect,Eurybrachidae,10,191
Insect,Gryllidae,10,1321
Insect,Leptoceridae,10,34
Insect,Lestidae,10,4976
Insect,Phlaeothripidae,10,148
Insect,Phoridae,10,42
Insect,Spongiphoridae,10,137
Insect,Acroceridae,9,58
Insect,Carposinidae,9,216
Insect,Castniidae,9,4245
Insect,Chloropidae,9,32
Insect,Ephydridae,9,319
Insect,Fulgoridae,9,690
Insect,Histeridae,9,41
Insect,Nymphidae,9,1515
Insect,Psyllidae,9,53
Insect,Scoliidae,9,855
Insect,Anisolabididae,8,363
Insect,Anthicidae,8,250
Insect,Argiolestidae,8,3266
Insect,Cercopidae,8,634
Insect,Cydnidae,8,19
Insect,Ethmiidae,8,70
Insect,Mydidae,8,21
Insect,Nemestrinidae,8,43
Insect,Synthemistidae,8,657
Insect,Thripidae,8,47
Insect,Anthomyiidae,7,729
Insect,Geocoridae,7,110
Insect,Gryllacrididae,7,65
Insect,Keroplatidae,7,39
Insect,Meloidae,7,44
Insect,Pyrgotidae,7,25
Insect,Ripiphoridae,7,24
Insect,Saturniidae,7,448
Insect,Silvanidae,7,20
Insect,Sphaeroceridae,7,17
Insect,Triozidae,7,49
Insect,Trogossitidae,7,31
Insect,Bittacidae,6,124
Insect,Chrysididae,6,43
Insect,Delphacidae,6,50
Insect,Gerridae,6,147
Insect,Gryllotalpidae,6,702
Insect,Kalotermitidae,6,37
Insect,Monophlebidae,6,388
Insect,Osmylidae,6,623
Insect,Passalidae,6,178
Insect,Rhinotermitidae,6,65
Insect,Sarcophagidae,6,94
Insect,Tetrigidae,6,24
Insect,Tropiduchidae,6,16
Insect,Encyrtidae,6,9
Insect,Adelidae,5,82
Insect,Argidae,5,45
Insect,Bibionidae,5,1491
Insect,Ceratopogonidae,5,7
Insect,Chalcididae,5,58
Insect,Clastopteridae,5,125
Insect,Coniopterygidae,5,104
Insect,Corduliidae,5,4786
Insect,Diapriidae,5,20
Insect,Ectobiidae,5,19
Insect,Elachistidae,5,22
Insect,Heterogastridae,5,14
Insect,Lacturidae,5,26
Insect,Plutellidae,5,1085
Insect,Pygidicranidae,5,39
Insect,Rhiniidae,5,221
Insect,Tenthredinidae,5,128
Insect,Tessaratomidae,5,2305
Insect,Thaumastocoridae,5,69
Insect,Ulodidae,5,51
Insect,Aulacidae,5,8
Insect,Alucitidae,4,186
Insect,Bolboceratidae,4,7
Insect,Brachodidae,4,12
Insect,Carsidaridae,4,154
Insect,Chaoboridae,4,69
Insect,Corydalidae,4,29
Insect,Dictyopharidae,4,16
Insect,Endomychidae,4,7
Insect,Figitidae,4,18
Insect,Hydrophilidae,4,45
Insect,Lampyridae,4,47
Insect,Lepismatidae,4,180
Insect,Leucospidae,4,18
Insect,Morabidae,4,60
Insect,Mycetophagidae,4,19
Insect,Nepticulidae,4,20
Insect,Oenosandridae,4,274
Insect,Pachygronthidae,4,51
Insect,Philopteridae,4,5
Insect,Psychodidae,4,597
Insect,Rhopalidae,4,349
Insect,Ricaniidae,4,2184
Insect,Sciomyzidae,4,16
Insect,Tineodidae,4,31
Insect,Uraniidae,4,81
Insect,Hippoboscidae,4,15
Insect,Scatopsidae,4,15
Insect,Hydroptilidae,4,38
Insect,Agaonidae,3,29
Insect,Anisopodidae,3,751
Insect,Anostostomatidae,3,8
Insect,Australembiidae,3,17
Insect,Belostomatidae,3,99
Insect,Blastobasidae,3,223
Insect,Calamoceratidae,3,64
Insect,Coelopidae,3,17
Insect,Conopidae,3,5
Insect,Cupedidae,3,8
Insect,Drepanidae,3,26
Insect,Epermeniidae,3,42
Insect,Eucharitidae,3,3
Insect,Eurytomidae,3,95
Insect,Heteroceridae,3,33
Insect,Immidae,3,50
Insect,Isostictidae,3,104
Insect,Largidae,3,96
Insect,Lestoideidae,3,10
Insect,Lyonetiidae,3,59
Insect,Megalyridae,3,11
Insect,Micropezidae,3,119
Insect,Mycetophilidae,3,11
Insect,Nabidae,3,392
Insect,Nepidae,3,102
Insect,Oecanthidae,3,26
Insect,Opostegidae,3,9
Insect,Piophilidae,3,3
Insect,Platycnemididae,3,526
Insect,Psocidae,3,97
Insect,Psychopsidae,3,24
Insect,Pyrrhocoridae,3,2248
Insect,Roeslerstammiidae,3,36
Insect,Sepsidae,3,310
Insect,Silphidae,3,208
Insect,Synlestidae,3,26
Insect,Teredidae,3,17
Insect,Termopsidae,3,73
Insect,Trichoceridae,3,69
Insect,Trogiidae,3,24
Insect,Zopheridae,3,7
Insect,Lepidopsocidae,3,5
Insect,Lymexylidae,3,7
Insect,Aeolothripidae,3,3
Insect,Leiodidae,3,6
Insect,Apioceridae,2,3
Insect,Attelabidae,2,29
Insect,Austropetaliidae,2,11
Insect,Baetidae,2,32
Insect,Batrachedridae,2,5
Insect,Bombycidae,2,14
Insect,Bucculatricidae,2,4
Insect,Cixiidae,2,5
Insect,Corylophidae,2,2
Insect,Cryptorhamphidae,2,18
Insect,Cucujidae,2,71
Insect,Ectopsocidae,2,4
Insect,Elipsocidae,2,8
Insect,Empididae,2,3
Insect,Eupterotidae,2,206
Insect,Evaniidae,2,139
Insect,Forficulidae,2,1064
Insect,Gripopterygidae,2,3
Insect,Hyblaeidae,2,6
Insect,Hybotidae,2,36
Insect,Hyocephalidae,2,13
Insect,Labiduridae,2,236
Insect,Melandryidae,2,2
Insect,Mogoplistidae,2,14
Insect,Nemopteridae,2,10
Insect,Neriidae,2,188
Insect,Notoligotomidae,2,5
Insect,Oligotomidae,2,11
Insect,Orussidae,2,8
Insect,Oxycarenidae,2,116
Insect,Pelecorhynchidae,2,18
Insect,Petaluridae,2,50
Insect,Pseudocaeciliidae,2,19
Insect,Pulicidae,2,6
Insect,Rhaphidophoridae,2,57
Insect,Rhipiceridae,2,160
Insect,Scirtidae,2,8
Insect,Scythrididae,2,8
Insect,Stenotritidae,2,3
Insect,Tettigarctidae,2,32
Insect,Aphelinidae,2,3
Insect,Archeocrypticidae,2,2
Insect,Artheneidae,2,3
Insect,Copromorphidae,2,3
Insect,Lestoniidae,2,2
Insect,Menoponidae,2,3
Insect,Milichiidae,2,2
Insect,Notonectidae,2,4
Insect,Pyrochroidae,2,4
Insect,Scelionidae,2,2
Insect,Sesiidae,2,9
Insect,Tridactylidae,2,11
Insect,Blissidae,2,2
Insect,Cryptophagidae,2,3
Insect,Lagrioididae,2,3
Insect,Perilampidae,2,2
Insect,Phycosecidae,2,3
Insect,Platypezidae,2,4
Insect,Lophocateridae,2,4
Insect,Bethylidae,2,3
Insect,Callipappidae,2,3
Insect,Clambidae,2,2
Insect,Phalacridae,2,4
Insect,Rhagionidae,2,6
Insect,Scraptiidae,2,6
Insect,Throscidae,2,14
Insect,Ampulicidae,1,6
Insect,Austroperlidae,1,7
Insect,Beesoniidae,1,48
Insect,Berytidae,1,288
Insect,Caeciliusidae,1,6
Insect,Caenidae,1,5
Insect,Calocidae,1,8
Insect,Chathamiidae,1,50
Insect,Cimicidae,1,7
Insect,Coleophoridae,1,22
Insect,Cylindrotomidae,1,3
Insect,Cynipidae,1,4
Insect,Dinidoridae,1,6
Insect,Enicocephalidae,1,9
Insect,Epipyropidae,1,7
Insect,Eucnemidae,1,3
Insect,Eupelmidae,1,2
Insect,Fanniidae,1,39
Insect,Geotrupidae,1,11
Insect,Haliplidae,1,1
Insect,Incurvariidae,1,3
Insect,Issidae,1,46
Insect,Ithonidae,1,4
Insect,Kerriidae,1,8
Insect,Leptophlebiidae,1,4
Insect,Lonchaeidae,1,29
Insect,Lonchopteridae,1,26
Insect,Lophopidae,1,463
Insect,Marchalinidae,1,3
Insect,Mastotermitidae,1,3
Insect,Meenoplidae,1,27
Insect,Mesoveliidae,1,2
Insect,Micronectidae,1,1
Insect,Miomantidae,1,122
Insect,Monomachidae,1,23
Insect,Myopsocidae,1,130
Insect,Naucoridae,1,18
Insect,Ninidae,1,3
Insect,Palaephatidae,1,2
Insect,Pediculidae,1,17
Insect,Peradeniidae,1,1
Insect,Philopotamidae,1,13
Insect,Philorheithridae,1,3
Insect,Protocucujidae,1,3
Insect,Sciaridae,1,6
Insect,Sialidae,1,3
Insect,Sisyridae,1,6
Insect,Teratomyzidae,1,3
Insect,Trogidae,1,4
Insect,Ulidiidae,1,14
Insect,Anthocoridae,1,3
Insect,Chelisochidae,1,2
Insect,Choristidae,1,9
Insect,Colobathristidae,1,2
Insect,Cymidae,1,5
Insect,Dactylopiidae,1,1
Insect,Eustheniidae,1,4
Insect,Hemipsocidae,1,5
Insect,Kateretidae,1,2
Insect,Liposcelididae,1,1
Insect,Megastigmidae,1,1
Insect,Meinertellidae,1,1
Insect,Meschiidae,1,2
Insect,Nogodinidae,1,1
Insect,Noteridae,1,2
Insect,Peripsocidae,1,3
Insect,Spercheidae,1,3
Insect,Veliidae,1,1
Insect,Iphydriidae,1,1
Insect,Latridiidae,1,4
Insect,Liopteridae,1,1
Insect,Acanthocnemidae,1,1
Insect,Asterolecaniidae,1,1
Insect,Austroniidae,1,1
Insect,Berothidae,1,1
Insect,Callirhipidae,1,1
Insect,Cyclotornidae,1,1
Insect,Derodontidae,1,1
Insect,Dryadaulidae,1,6
Insect,Ironomyiidae,1,1
Insect,Lachesillidae,1,1
Insect,Monotomidae,1,1
Insect,Nicoletiidae,1,2
Insect,Passandridae,1,1
Insect,Perissommatidae,1,1
Insect,Trichodectidae,1,1
Insect,Adelgidae,1,1
Insect,Australimyzidae,1,3
Insect,Biphyllidae,1,1
Insect,Braulidae,1,2
Insect,Clusiidae,1,1
Insect,Elmidae,1,2
Insect,Hydrobiosidae,1,1
Insect,Hydropsychidae,1,1
Insect,Laemophloeidae,1,1
Insect,Megaspilidae,1,1
Insect,Mycteridae,1,1
Insect,Myraboliidae,1,2
Insect,Neurochaetidae,1,2
Insect,Neurorthidae,1,1
Insect,Phalangopsidae,1,1
Insect,Pipunculidae,1,2
Insect,Prostomidae,1,1
Insect,Pygiopsyllidae,1,1
Insect,Salpingidae,1,1
Insect,Scenopinidae,1,2
Insect,Sphindidae,1,2
Insect,Trigonalidae,1,1
Insect,Zenargidae,1,1
Mammal,Vespertilionidae,22,8300
Mammal,Macropodidae,19,26446
Mammal,Dasyuridae,16,4077
Mammal,Muridae,16,23411
Mammal,Delphinidae,10,216
Mammal,Molossidae,9,2923
Mammal,Pteropodidae,7,26042
Mammal,Cervidae,5,5265
Mammal,Peramelidae,5,12903
Mammal,Petauridae,5,2415
Mammal,Pseudocheiridae,5,59904
Mammal,Balaenopteridae,4,162
Mammal,Otariidae,4,484
Mammal,Potoroidae,4,274
Mammal,Emballonuridae,3,119
Mammal,Phalangeridae,3,52337
Mammal,Phocidae,3,34
Mammal,Acrobatidae,2,293
Mammal,Bovidae,2,280
Mammal,Burramyidae,2,1743
Mammal,Canidae,2,21878
Mammal,Equidae,2,55
Mammal,Kogiidae,2,22
Mammal,Leporidae,2,17840
Mammal,Miniopteridae,2,3679
Mammal,Mustelidae,2,26
Mammal,Vombatidae,2,2480
Mammal,Balaenidae,1,23
Mammal,Caviidae,1,17
Mammal,Dugongidae,1,11
Mammal,Felidae,1,3199
Mammal,Ornithorhynchidae,1,1510
Mammal,Phascolarctidae,1,23047
Mammal,Physeteridae,1,4
Mammal,Rhinolophidae,1,121
Mammal,Rhinonycteridae,1,3
Mammal,Suidae,1,36
Mammal,Tachyglossidae,1,8646
Mammal,Thylacomyidae,1,12
Mammal,Ziphiidae,1,1
Reptile,Scincidae,118,44074
Reptile,Elapidae,52,13373
Reptile,Agamidae,21,18814
Reptile,Diplodactylidae,19,624
Reptile,Pygopodidae,18,802
Reptile,Gekkonidae,14,5100
Reptile,Chelidae,13,14258
Reptile,Typhlopidae,10,188
Reptile,Pythonidae,9,3944
Reptile,Varanidae,9,2599
Reptile,Carphodactylidae,6,976
Reptile,Colubridae,6,2828
Reptile,Cheloniidae,5,497
Reptile,Homalopsidae,4,52
Reptile,Crocodylidae,2,240
Reptile,Acrochordidae,1,5
Reptile,Dermochelyidae,1,10
Reptile,Emydidae,1,19
Reptile,Boidae,1,3
Reptile,Iguanidae,1,1
