animal_group,family,species_richness,record_count,family_type
Bird,Meliphagidae,60,1759450,Named family
Bird,Psittacidae,40,1080771,Named family
Bird,Procellariidae,36,4629,Named family
Bird,Acanthizidae,31,397090,Named family
Bird,Scolopacidae,31,122333,Named family
Bird,Laridae,29,300349,Named family
Bird,Anatidae,27,1094633,Named family
Bird,Columbidae,25,869182,Named family
Bird,Accipitridae,18,222891,Named family
Bird,Estrildidae,18,132167,Named family
Bird,Other families,345,9657968,Other
Mammal,Vespertilionidae,22,8300,Named family
Mammal,Macropodidae,19,26446,Named family
Mammal,Dasyuridae,16,4077,Named family
Mammal,Muridae,16,23411,Named family
Mammal,Delphinidae,10,216,Named family
Mammal,Molossidae,9,2923,Named family
Mammal,Pteropodidae,7,26042,Named family
Mammal,Cervidae,5,5265,Named family
Mammal,Peramelidae,5,12903,Named family
Mammal,Petauridae,5,2415,Named family
Mammal,Other families,59,198240,Other
Reptile,Scincidae,118,44074,Named family
Reptile,Elapidae,52,13373,Named family
Reptile,Agamidae,21,18814,Named family
Reptile,Diplodactylidae,19,624,Named family
Reptile,Pygopodidae,18,802,Named family
Reptile,Gekkonidae,14,5100,Named family
Reptile,Chelidae,13,14258,Named family
Reptile,Typhlopidae,10,188,Named family
Reptile,Pythonidae,9,3944,Named family
Reptile,Varanidae,9,2599,Named family
Reptile,Other families,28,4631,Other
Insect,Geometridae,543,41709,Named family
Insect,Oecophoridae,466,15647,Named family
Insect,Erebidae,383,27542,Named family
Insect,Formicidae,351,26677,Named family
Insect,Chrysomelidae,321,14295,Named family
Insect,Curculionidae,293,4837,Named family
Insect,Cerambycidae,283,5186,Named family
Insect,Crambidae,260,18607,Named family
Insect,Noctuidae,208,21562,Named family
Insect,Buprestidae,198,1989,Named family
Insect,Other families,6184,438514,Other
