year,city,species_richness,record_count,rank
2016,Melbourne,1047,165420,1
2016,Sydney,997,136895,2
2016,Brisbane,870,168873,3
2016,Canberra–Queanbeyan,699,154732,4
2016,Perth,462,62545,5
2016,Adelaide,316,13545,6
2016,Hobart,312,11347,7
2016,Darwin,284,12174,8
2017,Melbourne,1292,227380,1
2017,Brisbane,966,215919,2
2017,Sydney,963,174889,3
2017,Canberra–Queanbeyan,852,170419,4
2017,Perth,594,65585,5
2017,Adelaide,384,21204,6
2017,Hobart,380,15703,7
2017,Darwin,327,19172,8
2018,Brisbane,1513,304804,1
2018,Melbourne,1229,297491,2
2018,Sydney,1061,220399,3
2018,Canberra–Queanbeyan,968,230076,4
2018,Perth,600,104687,5
2018,Adelaide,411,24684,6
2018,Darwin,352,36559,7
2018,Hobart,311,18753,8
2019,Brisbane,1622,381957,1
2019,Melbourne,1411,335607,2
2019,Sydney,1231,246130,3
2019,Canberra–Queanbeyan,1022,230408,4
2019,Perth,603,132793,5
2019,Adelaide,540,38300,6
2019,Darwin,377,46072,7
2019,Hobart,335,15733,8
2020,Sydney,1874,317849,1
2020,Brisbane,1809,446781,2
2020,Melbourne,1776,529623,3
2020,Canberra–Queanbeyan,1350,249816,4
2020,Adelaide,860,61160,5
2020,Perth,716,137154,6
2020,Darwin,381,33873,7
2020,Hobart,357,27425,8
2021,Sydney,2214,398357,1
2021,Brisbane,2157,457972,2
2021,Melbourne,2094,652986,3
2021,Canberra–Queanbeyan,1589,247133,4
2021,Adelaide,997,69184,5
2021,Perth,821,137089,6
2021,Hobart,513,35681,7
2021,Darwin,473,59579,8
2022,Brisbane,2507,422119,1
2022,Melbourne,2341,597992,2
2022,Sydney,2177,352988,3
2022,Canberra–Queanbeyan,1489,181203,4
2022,Adelaide,1037,83542,5
2022,Perth,831,174003,6
2022,Darwin,523,104758,7
2022,Hobart,450,33188,8
2023,Brisbane,2614,612708,1
2023,Melbourne,2600,736441,2
2023,Sydney,2426,440532,3
2023,Canberra–Queanbeyan,1611,206821,4
2023,Adelaide,1196,98886,5
2023,Perth,988,186320,6
2023,Hobart,600,54134,7
2023,Darwin,570,120528,8
2024,Melbourne,2666,902344,1
2024,Brisbane,2648,549015,2
2024,Sydney,2590,503723,3
2024,Canberra–Queanbeyan,1911,236467,4
2024,Adelaide,1405,131137,5
2024,Perth,1226,230772,6
2024,Darwin,858,96552,7
2024,Hobart,685,71730,8
2025,Brisbane,2790,484772,1
2025,Melbourne,2625,681678,2
2025,Sydney,2548,411518,3
2025,Canberra–Queanbeyan,1915,172236,4
2025,Adelaide,1394,98418,5
2025,Perth,1356,189167,6
2025,Darwin,875,75286,7
2025,Hobart,726,48802,8
