source,target,shared_species,shared_bird,shared_mammal,shared_reptile,shared_insect
Sydney,Melbourne,2430,350,69,34,1977
Sydney,Brisbane,2649,373,62,62,2152
Sydney,Adelaide,1494,290,45,31,1128
Sydney,Perth,1128,257,29,26,816
Sydney,Hobart,825,165,27,8,625
Sydney,Darwin,603,242,22,23,316
Sydney,Canberra–Queanbeyan,2089,287,46,43,1713
Melbourne,Brisbane,1864,315,49,24,1476
Melbourne,Adelaide,1723,273,41,24,1385
Melbourne,Perth,1149,234,27,9,879
Melbourne,Hobart,1108,165,29,8,906
Melbourne,Darwin,409,202,19,6,182
Melbourne,Canberra–Queanbeyan,2285,273,46,27,1939
Brisbane,Adelaide,1241,255,30,19,937
Brisbane,Perth,1018,228,21,17,752
Brisbane,Hobart,616,145,21,2,448
Brisbane,Darwin,835,244,21,16,554
Brisbane,Canberra–Queanbeyan,1674,265,39,28,1342
Adelaide,Perth,1083,228,26,13,816
Adelaide,Hobart,705,151,21,3,530
Adelaide,Darwin,352,179,11,4,158
Adelaide,Canberra–Queanbeyan,1423,235,33,21,1134
Perth,Hobart,495,129,15,1,350
Perth,Darwin,385,177,9,7,192
Perth,Canberra–Queanbeyan,975,193,19,13,750
Hobart,Darwin,159,95,11,2,51
Hobart,Canberra–Queanbeyan,841,136,22,5,678
Darwin,Canberra–Queanbeyan,369,163,16,7,183
