year,month,animal_group,record_count,species_richness,month_name,month_index,date,annual_record_count,within_year_share,within_year_pct
2016,1,Bird,72935,389,Jan,0,2016-01-01,682447,0.10687276814170185,10.687
2016,2,Bird,62053,404,Feb,1,2016-02-01,682447,0.09092720753406491,9.093
2016,3,Bird,52648,399,Mar,2,2016-03-01,682447,0.07714591755843311,7.715
2016,4,Bird,51783,407,Apr,3,2016-04-01,682447,0.07587841986264135,7.588
2016,5,Bird,49457,388,May,4,2016-05-01,682447,0.07247009657892847,7.247
2016,6,Bird,40883,397,Jun,5,2016-06-01,682447,0.059906483580409904,5.991
2016,7,Bird,48543,377,Jul,6,2016-07-01,682447,0.07113079843562943,7.113
2016,8,Bird,55563,401,Aug,7,2016-08-01,682447,0.08141731152748859,8.142
2016,9,Bird,58408,406,Sep,8,2016-09-01,682447,0.0855861334286765,8.559
2016,10,Bird,73137,425,Oct,9,2016-10-01,682447,0.10716876182326246,10.717
2016,11,Bird,61668,416,Nov,10,2016-11-01,682447,0.09036306116079344,9.036
2016,12,Bird,55369,402,Dec,11,2016-12-01,682447,0.08113304036796996,8.113
2017,1,Bird,81458,419,Jan,12,2017-01-01,858577,0.09487559065756479,9.488
2017,2,Bird,63307,420,Feb,13,2017-02-01,858577,0.07373479606371938,7.373
2017,3,Bird,70815,407,Mar,14,2017-03-01,858577,0.08247949805317403,8.248
2017,4,Bird,65623,410,Apr,15,2017-04-01,858577,0.07643228271896406,7.643
2017,5,Bird,60903,396,May,16,2017-05-01,858577,0.07093481423331861,7.093
2017,6,Bird,58746,380,Jun,17,2017-06-01,858577,0.06842251772409463,6.842
2017,7,Bird,58181,391,Jul,18,2017-07-01,858577,0.06776445211087649,6.776
2017,8,Bird,63313,417,Aug,19,2017-08-01,858577,0.07374178437111639,7.374
2017,9,Bird,84187,427,Sep,20,2017-09-01,858577,0.09805410580530342,9.805
2017,10,Bird,100542,441,Oct,21,2017-10-01,858577,0.11710306705164476,11.71
2017,11,Bird,80377,418,Nov,22,2017-11-01,858577,0.09361653060820405,9.362
2017,12,Bird,71125,414,Dec,23,2017-12-01,858577,0.08284056060201939,8.284
2018,1,Bird,102165,445,Jan,24,2018-01-01,1174125,0.08701373363142766,8.701
2018,2,Bird,85488,420,Feb,25,2018-02-01,1174125,0.07280996486745449,7.281
2018,3,Bird,91665,434,Mar,26,2018-03-01,1174125,0.07807090386458,7.807
2018,4,Bird,94486,428,Apr,27,2018-04-01,1174125,0.08047354412860641,8.047
2018,5,Bird,89545,423,May,28,2018-05-01,1174125,0.07626530394974981,7.627
2018,6,Bird,84447,413,Jun,29,2018-06-01,1174125,0.07192334717342702,7.192
2018,7,Bird,86769,417,Jul,30,2018-07-01,1174125,0.0739009900990099,7.39
2018,8,Bird,97427,419,Aug,31,2018-08-01,1174125,0.08297838816139678,8.298
2018,9,Bird,112505,443,Sep,32,2018-09-01,1174125,0.09582029170659001,9.582
2018,10,Bird,127622,450,Oct,33,2018-10-01,1174125,0.10869541147663153,10.87
2018,11,Bird,98762,428,Nov,34,2018-11-01,1174125,0.08411540508889599,8.412
2018,12,Bird,103244,426,Dec,35,2018-12-01,1174125,0.08793271585223038,8.793
2019,1,Bird,135397,433,Jan,36,2019-01-01,1351348,0.10019402848119063,10.019
2019,2,Bird,104773,434,Feb,37,2019-02-01,1351348,0.07753221227988645,7.753
2019,3,Bird,109423,429,Mar,38,2019-03-01,1351348,0.08097322081358761,8.097
2019,4,Bird,105601,426,Apr,39,2019-04-01,1351348,0.07814493379943582,7.814
2019,5,Bird,96877,423,May,40,2019-05-01,1351348,0.07168915778911132,7.169
2019,6,Bird,89162,420,Jun,41,2019-06-01,1351348,0.0659800436305082,6.598
2019,7,Bird,99024,429,Jul,42,2019-07-01,1351348,0.07327794172929548,7.328
2019,8,Bird,99077,429,Aug,43,2019-08-01,1351348,0.07331716182656133,7.332
2019,9,Bird,121352,449,Sep,44,2019-09-01,1351348,0.08980070270574271,8.98
2019,10,Bird,141683,453,Oct,45,2019-10-01,1351348,0.10484568001728645,10.485
2019,11,Bird,129668,448,Nov,46,2019-11-01,1351348,0.09595455796730376,9.595
2019,12,Bird,119311,448,Dec,47,2019-12-01,1351348,0.08829035896009022,8.829
2020,1,Bird,148277,448,Jan,48,2020-01-01,1672902,0.08863460023360603,8.863
2020,2,Bird,102306,444,Feb,49,2020-02-01,1672902,0.06115480763368087,6.115
2020,3,Bird,98360,435,Mar,50,2020-03-01,1672902,0.05879603228401903,5.88
2020,4,Bird,137793,423,Apr,51,2020-04-01,1672902,0.08236764616217807,8.237
2020,5,Bird,143391,438,May,52,2020-05-01,1672902,0.08571392705609773,8.571
2020,6,Bird,119253,419,Jun,53,2020-06-01,1672902,0.07128510815337659,7.129
2020,7,Bird,132871,417,Jul,54,2020-07-01,1672902,0.07942545349339053,7.943
2020,8,Bird,138640,417,Aug,55,2020-08-01,1672902,0.08287395197088653,8.287
2020,9,Bird,172458,425,Sep,56,2020-09-01,1672902,0.10308912297313291,10.309
2020,10,Bird,200387,443,Oct,57,2020-10-01,1672902,0.1197840638602859,11.978
2020,11,Bird,147760,443,Nov,58,2020-11-01,1672902,0.08832555642829049,8.833
2020,12,Bird,131406,430,Dec,59,2020-12-01,1672902,0.07854972975105536,7.855
2021,1,Bird,181666,444,Jan,60,2021-01-01,1886944,0.09627524717214714,9.628
2021,2,Bird,143786,432,Feb,61,2021-02-01,1886944,0.07620045957908661,7.62
2021,3,Bird,134210,440,Mar,62,2021-03-01,1886944,0.07112558719283667,7.113
2021,4,Bird,142222,425,Apr,63,2021-04-01,1886944,0.07537160615259382,7.537
2021,5,Bird,139106,435,May,64,2021-05-01,1886944,0.07372025878881408,7.372
2021,6,Bird,127677,423,Jun,65,2021-06-01,1886944,0.0676633752776977,6.766
2021,7,Bird,125058,413,Jul,66,2021-07-01,1886944,0.06627541675852595,6.628
2021,8,Bird,169228,434,Aug,67,2021-08-01,1886944,0.08968363661030745,8.968
2021,9,Bird,200961,442,Sep,68,2021-09-01,1886944,0.10650077585768311,10.65
2021,10,Bird,240540,464,Oct,69,2021-10-01,1886944,0.12747596113080198,12.748
2021,11,Bird,148406,451,Nov,70,2021-11-01,1886944,0.07864886292333,7.865
2021,12,Bird,134084,439,Dec,71,2021-12-01,1886944,0.0710588125561755,7.106
2022,1,Bird,168913,433,Jan,72,2022-01-01,1772553,0.09529362450657329,9.529
2022,2,Bird,123164,428,Feb,73,2022-02-01,1772553,0.06948395901279115,6.948
2022,3,Bird,131619,445,Mar,74,2022-03-01,1772553,0.07425391511565521,7.425
2022,4,Bird,140743,436,Apr,75,2022-04-01,1772553,0.0794012929373621,7.94
2022,5,Bird,140855,446,May,76,2022-05-01,1772553,0.07946447863618182,7.946
2022,6,Bird,126979,417,Jun,77,2022-06-01,1772553,0.07163622187883804,7.164
2022,7,Bird,131769,424,Jul,78,2022-07-01,1772553,0.07433853881943163,7.434
2022,8,Bird,156983,448,Aug,79,2022-08-01,1772553,0.08856321926622222,8.856
2022,9,Bird,172893,444,Sep,80,2022-09-01,1772553,0.09753897344677423,9.754
2022,10,Bird,184722,455,Oct,81,2022-10-01,1772553,0.1042123987265825,10.421
2022,11,Bird,150328,448,Nov,82,2022-11-01,1772553,0.08480874760867517,8.481
2022,12,Bird,143585,445,Dec,83,2022-12-01,1772553,0.08100463004491262,8.1
2023,1,Bird,186819,447,Jan,84,2023-01-01,2233136,0.08365769035114745,8.366
2023,2,Bird,142742,430,Feb,85,2023-02-01,2233136,0.06391997621282358,6.392
2023,3,Bird,171856,435,Mar,86,2023-03-01,2233136,0.07695724756575506,7.696
2023,4,Bird,193019,444,Apr,87,2023-04-01,2233136,0.08643405506874638,8.643
2023,5,Bird,167736,440,May,88,2023-05-01,2233136,0.07511230843083448,7.511
2023,6,Bird,148313,428,Jun,89,2023-06-01,2233136,0.06641467425181449,6.641
2023,7,Bird,161935,429,Jul,90,2023-07-01,2233136,0.07251461621683587,7.251
2023,8,Bird,183096,437,Aug,91,2023-08-01,2233136,0.08199052811830537,8.199
2023,9,Bird,216725,458,Sep,92,2023-09-01,2233136,0.09704961990671415,9.705
2023,10,Bird,240526,464,Oct,93,2023-10-01,2233136,0.1077077258169677,10.771
2023,11,Bird,224307,458,Nov,94,2023-11-01,2233136,0.10044484527588109,10.044
2023,12,Bird,196062,437,Dec,95,2023-12-01,2233136,0.08779671278417436,8.78
2024,1,Bird,233947,447,Jan,96,2024-01-01,2454515,0.09531292332701165,9.531
2024,2,Bird,181677,444,Feb,97,2024-02-01,2454515,0.07401747392050975,7.402
2024,3,Bird,183516,439,Mar,98,2024-03-01,2454515,0.07476670543875266,7.477
2024,4,Bird,186310,447,Apr,99,2024-04-01,2454515,0.0759050158585301,7.591
2024,5,Bird,173661,440,May,100,2024-05-01,2454515,0.07075165562239383,7.075
2024,6,Bird,179030,432,Jun,101,2024-06-01,2454515,0.07293905313269627,7.294
2024,7,Bird,177094,431,Jul,102,2024-07-01,2454515,0.0721503026056064,7.215
2024,8,Bird,206813,433,Aug,103,2024-08-01,2454515,0.08425819357388323,8.426
2024,9,Bird,227949,449,Sep,104,2024-09-01,2454515,0.09286926337789747,9.287
2024,10,Bird,278544,467,Oct,105,2024-10-01,2454515,0.11348229690998018,11.348
2024,11,Bird,219561,457,Nov,106,2024-11-01,2454515,0.08945188764379114,8.945
2024,12,Bird,206413,441,Dec,107,2024-12-01,2454515,0.0840952285889473,8.41
2025,1,Bird,261751,460,Jan,108,2025-01-01,1879145,0.13929260381716152,13.929
2025,2,Bird,202431,449,Feb,109,2025-02-01,1879145,0.10772505580995613,10.773
2025,3,Bird,211008,456,Mar,110,2025-03-01,1879145,0.1122893656423533,11.229
2025,4,Bird,212340,439,Apr,111,2025-04-01,1879145,0.1129981986488536,11.3
2025,5,Bird,202910,444,May,112,2025-05-01,1879145,0.1079799589707021,10.798
2025,6,Bird,210706,440,Jun,113,2025-06-01,1879145,0.11212865425499363,11.213
2025,7,Bird,204825,432,Jul,114,2025-07-01,1879145,0.10899903945677422,10.9
2025,8,Bird,240625,446,Aug,115,2025-08-01,1879145,0.12805025689874916,12.805
2025,9,Bird,31262,368,Sep,116,2025-09-01,1879145,0.01663628937628549,1.664
2025,10,Bird,37355,375,Oct,117,2025-10-01,1879145,0.01987872143980374,1.988
2025,11,Bird,33724,375,Nov,118,2025-11-01,1879145,0.01794645969310511,1.795
2025,12,Bird,30208,375,Dec,119,2025-12-01,1879145,0.016075395991261985,1.608
2016,1,Insect,1414,387,Jan,0,2016-01-01,18244,0.07750493312869984,7.75
2016,2,Insect,1095,296,Feb,1,2016-02-01,18244,0.06001973251479938,6.002
2016,3,Insect,1754,352,Mar,2,2016-03-01,18244,0.09614119710589783,9.614
2016,4,Insect,986,239,Apr,3,2016-04-01,18244,0.05404516553387415,5.405
2016,5,Insect,701,196,May,4,2016-05-01,18244,0.03842359131769349,3.842
2016,6,Insect,382,97,Jun,5,2016-06-01,18244,0.02093839070379303,2.094
2016,7,Insect,182,61,Jul,6,2016-07-01,18244,0.009975882481911861,0.998
2016,8,Insect,462,112,Aug,7,2016-08-01,18244,0.025323393992545493,2.532
2016,9,Insect,1050,233,Sep,8,2016-09-01,18244,0.05755316816487612,5.755
2016,10,Insect,2174,384,Oct,9,2016-10-01,18244,0.11916246437184828,11.916
2016,11,Insect,2682,531,Nov,10,2016-11-01,18244,0.14700723525542644,14.701
2016,12,Insect,5362,530,Dec,11,2016-12-01,18244,0.2939048454286341,29.39
2017,1,Insect,3110,591,Jan,12,2017-01-01,21142,0.14710055813073503,14.71
2017,2,Insect,1180,314,Feb,13,2017-02-01,21142,0.05581307350297985,5.581
2017,3,Insect,1571,364,Mar,14,2017-03-01,21142,0.07430706650269606,7.431
2017,4,Insect,1493,297,Apr,15,2017-04-01,21142,0.07061772774571942,7.062
2017,5,Insect,1027,212,May,16,2017-05-01,21142,0.04857629363352568,4.858
2017,6,Insect,1149,205,Jun,17,2017-06-01,21142,0.054346797843155804,5.435
2017,7,Insect,586,131,Jul,18,2017-07-01,21142,0.02771733989215779,2.772
2017,8,Insect,874,193,Aug,19,2017-08-01,21142,0.041339513764071516,4.134
2017,9,Insect,1261,307,Sep,20,2017-09-01,21142,0.059644309904455586,5.964
2017,10,Insect,2068,528,Oct,21,2017-10-01,21142,0.09781477627471384,9.781
2017,11,Insect,3423,711,Nov,22,2017-11-01,21142,0.1619052123734746,16.191
2017,12,Insect,3400,716,Dec,23,2017-12-01,21142,0.16081733043231483,16.082
2018,1,Insect,3296,724,Jan,24,2018-01-01,28237,0.11672628112051564,11.673
2018,2,Insect,2238,558,Feb,25,2018-02-01,28237,0.07925771151326275,7.926
2018,3,Insect,1962,518,Mar,26,2018-03-01,28237,0.06948330205050111,6.948
2018,4,Insect,2964,596,Apr,27,2018-04-01,28237,0.1049686581435705,10.497
2018,5,Insect,1443,344,May,28,2018-05-01,28237,0.05110316251726458,5.11
2018,6,Insect,944,232,Jun,29,2018-06-01,28237,0.033431313524807875,3.343
2018,7,Insect,805,205,Jul,30,2018-07-01,28237,0.028508694266388072,2.851
2018,8,Insect,1021,219,Aug,31,2018-08-01,28237,0.03615823210681021,3.616
2018,9,Insect,2258,365,Sep,32,2018-09-01,28237,0.07996600205404257,7.997
2018,10,Insect,2762,539,Oct,33,2018-10-01,28237,0.09781492368169423,9.781
2018,11,Insect,3798,840,Nov,34,2018-11-01,28237,0.13450437369408932,13.45
2018,12,Insect,4746,896,Dec,35,2018-12-01,28237,0.16807734532705315,16.808
2019,1,Insect,3795,759,Jan,36,2019-01-01,38804,0.09779919595917946,9.78
2019,2,Insect,2671,612,Feb,37,2019-02-01,38804,0.06883310998866096,6.883
2019,3,Insect,3243,689,Mar,38,2019-03-01,38804,0.083573858365117,8.357
2019,4,Insect,3982,615,Apr,39,2019-04-01,38804,0.10261828677455932,10.262
2019,5,Insect,2157,477,May,40,2019-05-01,38804,0.05558705288114627,5.559
2019,6,Insect,1387,379,Jun,41,2019-06-01,38804,0.03574373775899392,3.574
2019,7,Insect,1217,310,Jul,42,2019-07-01,38804,0.031362746108648594,3.136
2019,8,Insect,1891,423,Aug,43,2019-08-01,38804,0.048732089475311824,4.873
2019,9,Insect,2600,577,Sep,44,2019-09-01,38804,0.0670034017111638,6.7
2019,10,Insect,5376,762,Oct,45,2019-10-01,38804,0.138542418307391,13.854
2019,11,Insect,5455,1053,Nov,46,2019-11-01,38804,0.14057829089784557,14.058
2019,12,Insect,5030,935,Dec,47,2019-12-01,38804,0.12962581177198226,12.963
2020,1,Insect,3731,816,Jan,48,2020-01-01,73721,0.05060973128416598,5.061
2020,2,Insect,4757,957,Feb,49,2020-02-01,73721,0.06452706827091331,6.453
2020,3,Insect,6814,1116,Mar,50,2020-03-01,73721,0.09242956552407049,9.243
2020,4,Insect,9548,1161,Apr,51,2020-04-01,73721,0.1295153348435317,12.952
2020,5,Insect,3889,703,May,52,2020-05-01,73721,0.052752946921501336,5.275
2020,6,Insect,1688,387,Jun,53,2020-06-01,73721,0.022897139214063836,2.29
2020,7,Insect,1589,294,Jul,54,2020-07-01,73721,0.021554238276746112,2.155
2020,8,Insect,2829,472,Aug,55,2020-08-01,73721,0.03837441163304893,3.837
2020,9,Insect,6711,983,Sep,56,2020-09-01,73721,0.09103240596302274,9.103
2020,10,Insect,10034,1259,Oct,57,2020-10-01,73721,0.1361077576267278,13.611
2020,11,Insect,11639,1452,Nov,58,2020-11-01,73721,0.15787903039839393,15.788
2020,12,Insect,10492,1449,Dec,59,2020-12-01,73721,0.14232037004381384,14.232
2021,1,Insect,11065,1577,Jan,60,2021-01-01,109245,0.10128610005034555,10.129
2021,2,Insect,11121,1568,Feb,61,2021-02-01,109245,0.10179870932308115,10.18
2021,3,Insect,11342,1541,Mar,62,2021-03-01,109245,0.10382168520298411,10.382
2021,4,Insect,8776,1140,Apr,63,2021-04-01,109245,0.08033319602727813,8.033
2021,5,Insect,6773,961,May,64,2021-05-01,109245,0.06199826078996751,6.2
2021,6,Insect,2936,513,Jun,65,2021-06-01,109245,0.02687537187056616,2.688
2021,7,Insect,2385,456,Jul,66,2021-07-01,109245,0.021831662776328437,2.183
2021,8,Insect,5691,819,Aug,67,2021-08-01,109245,0.052093917341754774,5.209
2021,9,Insect,9530,1144,Sep,68,2021-09-01,109245,0.08723511373518239,8.724
2021,10,Insect,15705,1830,Oct,69,2021-10-01,109245,0.1437594397912948,14.376
2021,11,Insect,12581,1778,Nov,70,2021-11-01,109245,0.11516316536225914,11.516
2021,12,Insect,11340,1694,Dec,71,2021-12-01,109245,0.10380337772895784,10.38
2022,1,Insect,15156,1890,Jan,72,2022-01-01,129065,0.11742920233990625,11.743
2022,2,Insect,11764,1595,Feb,73,2022-02-01,129065,0.09114787122767598,9.115
2022,3,Insect,13696,1622,Mar,74,2022-03-01,129065,0.10611707279277884,10.612
2022,4,Insect,10745,1385,Apr,75,2022-04-01,129065,0.08325262464649595,8.325
2022,5,Insect,5762,937,May,76,2022-05-01,129065,0.04464417154147135,4.464
2022,6,Insect,2492,595,Jun,77,2022-06-01,129065,0.019308100569480496,1.931
2022,7,Insect,2490,536,Jul,78,2022-07-01,129065,0.01929260450160772,1.929
2022,8,Insect,4692,814,Aug,79,2022-08-01,129065,0.03635377522953551,3.635
2022,9,Insect,9528,1376,Sep,80,2022-09-01,129065,0.07382326734591098,7.382
2022,10,Insect,14101,1718,Oct,81,2022-10-01,129065,0.10925502653701623,10.926
2022,11,Insect,16569,1918,Nov,82,2022-11-01,129065,0.1283771742920234,12.838
2022,12,Insect,22070,2073,Dec,83,2022-12-01,129065,0.17099910897609732,17.1
2023,1,Insect,20278,2087,Jan,84,2023-01-01,170816,0.11871253278381416,11.871
2023,2,Insect,16831,1997,Feb,85,2023-02-01,170816,0.0985329243162233,9.853
2023,3,Insect,18534,1942,Mar,86,2023-03-01,170816,0.10850271637317348,10.85
2023,4,Insect,14335,1624,Apr,87,2023-04-01,170816,0.08392071000374672,8.392
2023,5,Insect,7813,1108,May,88,2023-05-01,170816,0.0457392750093668,4.574
2023,6,Insect,4732,826,Jun,89,2023-06-01,170816,0.027702322967403523,2.77
2023,7,Insect,4046,693,Jul,90,2023-07-01,170816,0.023686305732484078,2.369
2023,8,Insect,6785,1088,Aug,91,2023-08-01,170816,0.03972110340951667,3.972
2023,9,Insect,16508,1791,Sep,92,2023-09-01,170816,0.09664200074934433,9.664
2023,10,Insect,16462,1889,Oct,93,2023-10-01,170816,0.09637270513300862,9.637
2023,11,Insect,22185,2082,Nov,94,2023-11-01,170816,0.1298765923566879,12.988
2023,12,Insect,22307,2126,Dec,95,2023-12-01,170816,0.1305908111652304,13.059
2024,1,Insect,23338,2256,Jan,96,2024-01-01,204534,0.11410327867249455,11.41
2024,2,Insect,21392,2162,Feb,97,2024-02-01,204534,0.10458896809332434,10.459
2024,3,Insect,22317,1995,Mar,98,2024-03-01,204534,0.10911144357417349,10.911
2024,4,Insect,14992,1708,Apr,99,2024-04-01,204534,0.07329832692853022,7.33
2024,5,Insect,7923,1167,May,100,2024-05-01,204534,0.03873683592947872,3.874
2024,6,Insect,4349,799,Jun,101,2024-06-01,204534,0.021262968504014004,2.126
2024,7,Insect,4347,794,Jul,102,2024-07-01,204534,0.021253190178650003,2.125
2024,8,Insect,8938,1206,Aug,103,2024-08-01,204534,0.04369933605170778,4.37
2024,9,Insect,21351,1816,Sep,104,2024-09-01,204534,0.10438851242336238,10.439
2024,10,Insect,25491,2353,Oct,105,2024-10-01,204534,0.12462964592683858,12.463
2024,11,Insect,25343,2465,Nov,106,2024-11-01,204534,0.12390604984990271,12.391
2024,12,Insect,24753,2435,Dec,107,2024-12-01,204534,0.12102144386752325,12.102
2025,1,Insect,23468,2420,Jan,108,2025-01-01,229623,0.10220230551817544,10.22
2025,2,Insect,19561,2175,Feb,109,2025-02-01,229623,0.08518745944439364,8.519
2025,3,Insect,18686,1978,Mar,110,2025-03-01,229623,0.08137686555789272,8.138
2025,4,Insect,18251,1746,Apr,111,2025-04-01,229623,0.07948245602574655,7.948
2025,5,Insect,10429,1321,May,112,2025-05-01,229623,0.04541792416264921,4.542
2025,6,Insect,5702,916,Jun,113,2025-06-01,229623,0.02483200724666083,2.483
2025,7,Insect,5254,956,Jul,114,2025-07-01,229623,0.02288098317677236,2.288
2025,8,Insect,9303,1255,Aug,115,2025-08-01,229623,0.04051423420127775,4.051
2025,9,Insect,18151,1727,Sep,116,2025-09-01,229623,0.07904695958157501,7.905
2025,10,Insect,32216,2395,Oct,117,2025-10-01,229623,0.14029953445430118,14.03
2025,11,Insect,34674,2465,Nov,118,2025-11-01,229623,0.15100403705203747,15.1
2025,12,Insect,33928,2523,Dec,119,2025-12-01,229623,0.14775523357851783,14.776
2016,1,Mammal,1097,42,Jan,0,2016-01-01,19041,0.057612520350821914,5.761
2016,2,Mammal,1227,58,Feb,1,2016-02-01,19041,0.06443989286276981,6.444
2016,3,Mammal,1422,57,Mar,2,2016-03-01,19041,0.07468095163069166,7.468
2016,4,Mammal,1194,55,Apr,3,2016-04-01,19041,0.06270679060973688,6.271
2016,5,Mammal,2642,59,May,4,2016-05-01,19041,0.13875321674281813,13.875
2016,6,Mammal,1783,44,Jun,5,2016-06-01,19041,0.09364003991387007,9.364
2016,7,Mammal,1244,55,Jul,6,2016-07-01,19041,0.06533270311433223,6.533
2016,8,Mammal,1989,59,Aug,7,2016-08-01,19041,0.1044587994328029,10.446
2016,9,Mammal,1303,55,Sep,8,2016-09-01,19041,0.06843127986975474,6.843
2016,10,Mammal,1648,57,Oct,9,2016-10-01,19041,0.08655007615146264,8.655
2016,11,Mammal,1942,60,Nov,10,2016-11-01,19041,0.10199044167848327,10.199
2016,12,Mammal,1550,47,Dec,11,2016-12-01,19041,0.08140328764245576,8.14
2017,1,Mammal,2191,61,Jan,12,2017-01-01,23427,0.09352456567208776,9.352
2017,2,Mammal,1555,53,Feb,13,2017-02-01,23427,0.06637640329534299,6.638
2017,3,Mammal,1502,56,Mar,14,2017-03-01,23427,0.06411405643061426,6.411
2017,4,Mammal,2322,51,Apr,15,2017-04-01,23427,0.09911640414905878,9.912
2017,5,Mammal,2833,58,May,16,2017-05-01,23427,0.12092884278823579,12.093
2017,6,Mammal,2359,49,Jun,17,2017-06-01,23427,0.10069577837537884,10.07
2017,7,Mammal,1561,45,Jul,18,2017-07-01,23427,0.06663251803474624,6.663
2017,8,Mammal,1626,55,Aug,19,2017-08-01,23427,0.06940709437828146,6.941
2017,9,Mammal,1808,54,Sep,20,2017-09-01,23427,0.07717590814018013,7.718
2017,10,Mammal,2419,53,Oct,21,2017-10-01,23427,0.10325692576941137,10.326
2017,11,Mammal,1788,55,Nov,22,2017-11-01,23427,0.07632219234216929,7.632
2017,12,Mammal,1463,52,Dec,23,2017-12-01,23427,0.062449310624493104,6.245
2018,1,Mammal,2046,51,Jan,24,2018-01-01,26563,0.07702443248127094,7.702
2018,2,Mammal,1674,60,Feb,25,2018-02-01,26563,0.06301999021194896,6.302
2018,3,Mammal,1589,55,Mar,26,2018-03-01,26563,0.059820050446109246,5.982
2018,4,Mammal,1905,64,Apr,27,2018-04-01,26563,0.07171629710499568,7.172
2018,5,Mammal,2644,55,May,28,2018-05-01,26563,0.09953694989270791,9.954
2018,6,Mammal,2418,61,Jun,29,2018-06-01,26563,0.09102887475059293,9.103
2018,7,Mammal,3352,61,Jul,30,2018-07-01,26563,0.1261905658246433,12.619
2018,8,Mammal,2859,46,Aug,31,2018-08-01,26563,0.10763091518277303,10.763
2018,9,Mammal,2537,60,Sep,32,2018-09-01,26563,0.09550879042276851,9.551
2018,10,Mammal,1869,59,Oct,33,2018-10-01,26563,0.07036102849828708,7.036
2018,11,Mammal,1634,49,Nov,34,2018-11-01,26563,0.061514136204494974,6.151
2018,12,Mammal,2036,48,Dec,35,2018-12-01,26563,0.07664796897940744,7.665
2019,1,Mammal,1679,53,Jan,36,2019-01-01,28176,0.059589721749006244,5.959
2019,2,Mammal,1851,52,Feb,37,2019-02-01,28176,0.06569420783645656,6.569
2019,3,Mammal,1905,55,Mar,38,2019-03-01,28176,0.0676107325383305,6.761
2019,4,Mammal,1974,62,Apr,39,2019-04-01,28176,0.07005962521294719,7.006
2019,5,Mammal,3377,57,May,40,2019-05-01,28176,0.11985377626348666,11.985
2019,6,Mammal,1980,49,Jun,41,2019-06-01,28176,0.07027257240204429,7.027
2019,7,Mammal,1162,55,Jul,42,2019-07-01,28176,0.041240772288472456,4.124
2019,8,Mammal,1618,55,Aug,43,2019-08-01,28176,0.05742475865985236,5.742
2019,9,Mammal,2095,64,Sep,44,2019-09-01,28176,0.07435406019307211,7.435
2019,10,Mammal,1866,60,Oct,45,2019-10-01,28176,0.06622657580919931,6.623
2019,11,Mammal,1731,58,Nov,46,2019-11-01,28176,0.06143526405451448,6.144
2019,12,Mammal,6938,49,Dec,47,2019-12-01,28176,0.24623793299261784,24.624
2020,1,Mammal,5037,58,Jan,48,2020-01-01,45600,0.11046052631578947,11.046
2020,2,Mammal,4086,56,Feb,49,2020-02-01,45600,0.08960526315789474,8.961
2020,3,Mammal,3768,64,Mar,50,2020-03-01,45600,0.08263157894736842,8.263
2020,4,Mammal,2065,62,Apr,51,2020-04-01,45600,0.04528508771929825,4.529
2020,5,Mammal,5876,51,May,52,2020-05-01,45600,0.128859649122807,12.886
2020,6,Mammal,6178,61,Jun,53,2020-06-01,45600,0.13548245614035087,13.548
2020,7,Mammal,1924,50,Jul,54,2020-07-01,45600,0.04219298245614035,4.219
2020,8,Mammal,2366,60,Aug,55,2020-08-01,45600,0.0518859649122807,5.189
2020,9,Mammal,3682,69,Sep,56,2020-09-01,45600,0.08074561403508772,8.075
2020,10,Mammal,3078,56,Oct,57,2020-10-01,45600,0.0675,6.75
2020,11,Mammal,4463,65,Nov,58,2020-11-01,45600,0.09787280701754386,9.787
2020,12,Mammal,3077,55,Dec,59,2020-12-01,45600,0.0674780701754386,6.748
2021,1,Mammal,2969,77,Jan,60,2021-01-01,48953,0.06065001123526648,6.065
2021,2,Mammal,3088,59,Feb,61,2021-02-01,48953,0.06308091434641391,6.308
2021,3,Mammal,7749,75,Mar,62,2021-03-01,48953,0.15829469082589423,15.829
2021,4,Mammal,6071,68,Apr,63,2021-04-01,48953,0.12401691418299185,12.402
2021,5,Mammal,5982,63,May,64,2021-05-01,48953,0.12219884378894041,12.22
2021,6,Mammal,3317,62,Jun,65,2021-06-01,48953,0.06775887075357996,6.776
2021,7,Mammal,4629,71,Jul,66,2021-07-01,48953,0.09456008824791126,9.456
2021,8,Mammal,3832,58,Aug,67,2021-08-01,48953,0.07827916573039446,7.828
2021,9,Mammal,3601,58,Sep,68,2021-09-01,48953,0.07356035380875534,7.356
2021,10,Mammal,2788,68,Oct,69,2021-10-01,48953,0.056952587175454004,5.695
2021,11,Mammal,2482,67,Nov,70,2021-11-01,48953,0.050701693461074906,5.07
2021,12,Mammal,2445,62,Dec,71,2021-12-01,48953,0.04994586644332319,4.995
2022,1,Mammal,1975,65,Jan,72,2022-01-01,33556,0.0588568363332936,5.886
2022,2,Mammal,2724,56,Feb,73,2022-02-01,33556,0.08117773274526165,8.118
2022,3,Mammal,3642,68,Mar,74,2022-03-01,33556,0.1085349862915723,10.853
2022,4,Mammal,3573,61,Apr,75,2022-04-01,33556,0.10647872213613065,10.648
2022,5,Mammal,2959,66,May,76,2022-05-01,33556,0.08818095124567886,8.818
2022,6,Mammal,2938,54,Jun,77,2022-06-01,33556,0.08755513172010966,8.756
2022,7,Mammal,1663,52,Jul,78,2022-07-01,33556,0.04955894623912266,4.956
2022,8,Mammal,2288,54,Aug,79,2022-08-01,33556,0.06818452735725354,6.818
2022,9,Mammal,3535,61,Sep,80,2022-09-01,33556,0.10534628680414829,10.535
2022,10,Mammal,2724,58,Oct,81,2022-10-01,33556,0.08117773274526165,8.118
2022,11,Mammal,3485,65,Nov,82,2022-11-01,33556,0.10385624031469781,10.386
2022,12,Mammal,2050,61,Dec,83,2022-12-01,33556,0.0610919060674693,6.109
2023,1,Mammal,2142,64,Jan,84,2023-01-01,35463,0.060400981304458166,6.04
2023,2,Mammal,2035,64,Feb,85,2023-02-01,35463,0.05738375207963229,5.738
2023,3,Mammal,3113,67,Mar,86,2023-03-01,35463,0.08778163155965372,8.778
2023,4,Mammal,2752,63,Apr,87,2023-04-01,35463,0.07760200772636269,7.76
2023,5,Mammal,3043,69,May,88,2023-05-01,35463,0.08580774328173026,8.581
2023,6,Mammal,2287,54,Jun,89,2023-06-01,35463,0.06448974988015678,6.449
2023,7,Mammal,2805,66,Jul,90,2023-07-01,35463,0.07909652313679046,7.91
2023,8,Mammal,3202,59,Aug,91,2023-08-01,35463,0.09029128951301356,9.029
2023,9,Mammal,3758,68,Sep,92,2023-09-01,35463,0.10596960212051998,10.597
2023,10,Mammal,3656,60,Oct,93,2023-10-01,35463,0.10309336491554578,10.309
2023,11,Mammal,3417,65,Nov,94,2023-11-01,35463,0.09635394636663565,9.635
2023,12,Mammal,3253,62,Dec,95,2023-12-01,35463,0.09172940811550066,9.173
2024,1,Mammal,2987,65,Jan,96,2024-01-01,41027,0.07280571331074658,7.281
2024,2,Mammal,2909,67,Feb,97,2024-02-01,41027,0.07090452628756673,7.09
2024,3,Mammal,3544,68,Mar,98,2024-03-01,41027,0.08638213859165915,8.638
2024,4,Mammal,2948,56,Apr,99,2024-04-01,41027,0.07185511979915665,7.186
2024,5,Mammal,2796,52,May,100,2024-05-01,41027,0.06815024252321641,6.815
2024,6,Mammal,2838,70,Jun,101,2024-06-01,41027,0.06917395861262096,6.917
2024,7,Mammal,2916,60,Jul,102,2024-07-01,41027,0.07107514563580082,7.108
2024,8,Mammal,3504,58,Aug,103,2024-08-01,41027,0.08540717088746436,8.541
2024,9,Mammal,4911,66,Sep,104,2024-09-01,41027,0.1197016598825164,11.97
2024,10,Mammal,4580,59,Oct,105,2024-10-01,41027,0.11163380213030444,11.163
2024,11,Mammal,3890,67,Nov,106,2024-11-01,41027,0.09481560923294416,9.482
2024,12,Mammal,3204,60,Dec,107,2024-12-01,41027,0.07809491310600336,7.809
2025,1,Mammal,3703,67,Jan,108,2025-01-01,32337,0.11451278720969787,11.451
2025,2,Mammal,3577,66,Feb,109,2025-02-01,32337,0.11061632186040758,11.062
2025,3,Mammal,3472,59,Mar,110,2025-03-01,32337,0.10736926740266568,10.737
2025,4,Mammal,3585,71,Apr,111,2025-04-01,32337,0.11086371648575935,11.086
2025,5,Mammal,3290,57,May,112,2025-05-01,32337,0.10174103967591304,10.174
2025,6,Mammal,3022,64,Jun,113,2025-06-01,32337,0.09345331972662894,9.345
2025,7,Mammal,1902,59,Jul,114,2025-07-01,32337,0.05881807217738195,5.882
2025,8,Mammal,1925,54,Aug,115,2025-08-01,32337,0.05952933172526827,5.953
2025,9,Mammal,1966,52,Sep,116,2025-09-01,32337,0.06079722918019606,6.08
2025,10,Mammal,2024,56,Oct,117,2025-10-01,32337,0.06259084021399636,6.259
2025,11,Mammal,1960,52,Nov,118,2025-11-01,32337,0.06061168321118224,6.061
2025,12,Mammal,1911,59,Dec,119,2025-12-01,32337,0.05909639113090268,5.91
2016,1,Reptile,589,56,Jan,0,2016-01-01,5737,0.10266689907617221,10.267
2016,2,Reptile,636,64,Feb,1,2016-02-01,5737,0.1108593341467666,11.086
2016,3,Reptile,722,56,Mar,2,2016-03-01,5737,0.12584974725466272,12.585
2016,4,Reptile,442,55,Apr,3,2016-04-01,5737,0.07704375108941956,7.704
2016,5,Reptile,314,53,May,4,2016-05-01,5737,0.05473243855673697,5.473
2016,6,Reptile,137,37,Jun,5,2016-06-01,5737,0.02388007669513683,2.388
2016,7,Reptile,164,35,Jul,6,2016-07-01,5737,0.028586369182499564,2.859
2016,8,Reptile,216,37,Aug,7,2016-08-01,5737,0.03765033989890187,3.765
2016,9,Reptile,485,53,Sep,8,2016-09-01,5737,0.08453895764336761,8.454
2016,10,Reptile,738,55,Oct,9,2016-10-01,5737,0.12863866132124804,12.864
2016,11,Reptile,714,64,Nov,10,2016-11-01,5737,0.12445529022137006,12.446
2016,12,Reptile,580,46,Dec,11,2016-12-01,5737,0.10109813491371797,10.11
2017,1,Reptile,795,66,Jan,12,2017-01-01,6297,0.126250595521677,12.625
2017,2,Reptile,556,57,Feb,13,2017-02-01,6297,0.08829601397490869,8.83
2017,3,Reptile,648,54,Mar,14,2017-03-01,6297,0.10290614578370652,10.291
2017,4,Reptile,491,53,Apr,15,2017-04-01,6297,0.07797363824043195,7.797
2017,5,Reptile,313,49,May,16,2017-05-01,6297,0.04970620930601874,4.971
2017,6,Reptile,234,38,Jun,17,2017-06-01,6297,0.037160552644116246,3.716
2017,7,Reptile,153,30,Jul,18,2017-07-01,6297,0.02429728442115293,2.43
2017,8,Reptile,195,36,Aug,19,2017-08-01,6297,0.030967127203430204,3.097
2017,9,Reptile,543,47,Sep,20,2017-09-01,6297,0.08623153882801333,8.623
2017,10,Reptile,822,63,Oct,21,2017-10-01,6297,0.13053835159599808,13.054
2017,11,Reptile,798,72,Nov,22,2017-11-01,6297,0.12672701286326823,12.673
2017,12,Reptile,749,72,Dec,23,2017-12-01,6297,0.11894552961727807,11.895
2018,1,Reptile,788,56,Jan,24,2018-01-01,7035,0.11201137171286425,11.201
2018,2,Reptile,619,72,Feb,25,2018-02-01,7035,0.08798862828713575,8.799
2018,3,Reptile,778,63,Mar,26,2018-03-01,7035,0.11058990760483298,11.059
2018,4,Reptile,594,63,Apr,27,2018-04-01,7035,0.08443496801705756,8.443
2018,5,Reptile,235,47,May,28,2018-05-01,7035,0.033404406538734895,3.34
2018,6,Reptile,144,31,Jun,29,2018-06-01,7035,0.02046908315565032,2.047
2018,7,Reptile,159,44,Jul,30,2018-07-01,7035,0.022601279317697228,2.26
2018,8,Reptile,201,46,Aug,31,2018-08-01,7035,0.02857142857142857,2.857
2018,9,Reptile,670,56,Sep,32,2018-09-01,7035,0.09523809523809523,9.524
2018,10,Reptile,1002,66,Oct,33,2018-10-01,7035,0.14243070362473348,14.243
2018,11,Reptile,958,83,Nov,34,2018-11-01,7035,0.13617626154939588,13.618
2018,12,Reptile,887,66,Dec,35,2018-12-01,7035,0.12608386638237384,12.608
2019,1,Reptile,922,71,Jan,36,2019-01-01,7385,0.12484766418415708,12.485
2019,2,Reptile,677,65,Feb,37,2019-02-01,7385,0.09167230873392011,9.167
2019,3,Reptile,753,66,Mar,38,2019-03-01,7385,0.10196343940419769,10.196
2019,4,Reptile,719,60,Apr,39,2019-04-01,7385,0.0973595125253893,9.736
2019,5,Reptile,280,52,May,40,2019-05-01,7385,0.037914691943127965,3.791
2019,6,Reptile,204,39,Jun,41,2019-06-01,7385,0.027623561272850372,2.762
2019,7,Reptile,160,44,Jul,42,2019-07-01,7385,0.021665538253215978,2.167
2019,8,Reptile,330,40,Aug,43,2019-08-01,7385,0.04468517264725796,4.469
2019,9,Reptile,690,62,Sep,44,2019-09-01,7385,0.09343263371699391,9.343
2019,10,Reptile,1015,81,Oct,45,2019-10-01,7385,0.13744075829383887,13.744
2019,11,Reptile,879,73,Nov,46,2019-11-01,7385,0.11902505077860528,11.903
2019,12,Reptile,756,73,Dec,47,2019-12-01,7385,0.1023696682464455,10.237
2020,1,Reptile,788,60,Jan,48,2020-01-01,10323,0.07633439891504408,7.633
2020,2,Reptile,943,72,Feb,49,2020-02-01,10323,0.09134941393005909,9.135
2020,3,Reptile,937,85,Mar,50,2020-03-01,10323,0.09076818754238108,9.077
2020,4,Reptile,925,75,Apr,51,2020-04-01,10323,0.08960573476702509,8.961
2020,5,Reptile,356,62,May,52,2020-05-01,10323,0.034486099002228036,3.449
2020,6,Reptile,205,38,Jun,53,2020-06-01,10323,0.01985856824566502,1.986
2020,7,Reptile,272,56,Jul,54,2020-07-01,10323,0.026348929574736026,2.635
2020,8,Reptile,428,59,Aug,55,2020-08-01,10323,0.04146081565436404,4.146
2020,9,Reptile,1224,80,Sep,56,2020-09-01,10323,0.11857018308631212,11.857
2020,10,Reptile,1523,85,Oct,57,2020-10-01,10323,0.14753463140559914,14.753
2020,11,Reptile,1560,85,Nov,58,2020-11-01,10323,0.15111886079628015,15.112
2020,12,Reptile,1162,88,Dec,59,2020-12-01,10323,0.11256417708030611,11.256
2021,1,Reptile,1260,84,Jan,60,2021-01-01,11698,0.10771071978115918,10.771
2021,2,Reptile,1158,80,Feb,61,2021-02-01,11698,0.09899128056077962,9.899
2021,3,Reptile,1240,87,Mar,62,2021-03-01,11698,0.10600102581637887,10.6
2021,4,Reptile,765,81,Apr,63,2021-04-01,11698,0.06539579415284665,6.54
2021,5,Reptile,465,68,May,64,2021-05-01,11698,0.03975038468114207,3.975
2021,6,Reptile,261,52,Jun,65,2021-06-01,11698,0.022311506240382972,2.231
2021,7,Reptile,269,53,Jul,66,2021-07-01,11698,0.022995383826295093,2.3
2021,8,Reptile,572,62,Aug,67,2021-08-01,11698,0.048897247392716704,4.89
2021,9,Reptile,1294,87,Sep,68,2021-09-01,11698,0.1106171995212857,11.062
2021,10,Reptile,1678,89,Oct,69,2021-10-01,11698,0.14344332364506754,14.344
2021,11,Reptile,1335,101,Nov,70,2021-11-01,11698,0.11412207214908532,11.412
2021,12,Reptile,1401,86,Dec,71,2021-12-01,11698,0.11976406223286032,11.976
2022,1,Reptile,1412,90,Jan,72,2022-01-01,13319,0.10601396501238831,10.601
2022,2,Reptile,1005,80,Feb,73,2022-02-01,13319,0.07545611532397327,7.546
2022,3,Reptile,1401,95,Mar,74,2022-03-01,13319,0.1051880771829717,10.519
2022,4,Reptile,1004,87,Apr,75,2022-04-01,13319,0.07538103461220812,7.538
2022,5,Reptile,638,79,May,76,2022-05-01,13319,0.04790149410616413,4.79
2022,6,Reptile,335,54,Jun,77,2022-06-01,13319,0.025152038441324423,2.515
2022,7,Reptile,317,58,Jul,78,2022-07-01,13319,0.023800585629551767,2.38
2022,8,Reptile,548,61,Aug,79,2022-08-01,13319,0.04114423004730085,4.114
2022,9,Reptile,1086,88,Sep,80,2022-09-01,13319,0.08153765297695022,8.154
2022,10,Reptile,2204,88,Oct,81,2022-10-01,13319,0.16547788873038516,16.548
2022,11,Reptile,1909,101,Nov,82,2022-11-01,13319,0.14332907875966663,14.333
2022,12,Reptile,1460,91,Dec,83,2022-12-01,13319,0.1096178391771154,10.962
2023,1,Reptile,1362,87,Jan,84,2023-01-01,15523,0.08774077175803646,8.774
2023,2,Reptile,1055,85,Feb,85,2023-02-01,15523,0.06796366681698125,6.796
2023,3,Reptile,1254,94,Mar,86,2023-03-01,15523,0.08078335373317014,8.078
2023,4,Reptile,866,92,Apr,87,2023-04-01,15523,0.05578818527346518,5.579
2023,5,Reptile,463,68,May,88,2023-05-01,15523,0.029826708754751016,2.983
2023,6,Reptile,326,69,Jun,89,2023-06-01,15523,0.021001095149133543,2.1
2023,7,Reptile,407,73,Jul,90,2023-07-01,15523,0.02621915866778329,2.622
2023,8,Reptile,724,75,Aug,91,2023-08-01,15523,0.04664046898151131,4.664
2023,9,Reptile,2015,110,Sep,92,2023-09-01,15523,0.12980738259357083,12.981
2023,10,Reptile,2717,109,Oct,93,2023-10-01,15523,0.17503059975520197,17.503
2023,11,Reptile,2573,110,Nov,94,2023-11-01,15523,0.16575404238871352,16.575
2023,12,Reptile,1761,95,Dec,95,2023-12-01,15523,0.1134445661276815,11.344
2024,1,Reptile,1777,111,Jan,96,2024-01-01,20350,0.08732186732186732,8.732
2024,2,Reptile,1674,96,Feb,97,2024-02-01,20350,0.08226044226044225,8.226
2024,3,Reptile,1745,105,Mar,98,2024-03-01,20350,0.08574938574938575,8.575
2024,4,Reptile,1370,97,Apr,99,2024-04-01,20350,0.06732186732186732,6.732
2024,5,Reptile,879,82,May,100,2024-05-01,20350,0.043194103194103196,4.319
2024,6,Reptile,531,71,Jun,101,2024-06-01,20350,0.026093366093366092,2.609
2024,7,Reptile,440,66,Jul,102,2024-07-01,20350,0.021621621621621623,2.162
2024,8,Reptile,1146,92,Aug,103,2024-08-01,20350,0.056314496314496316,5.631
2024,9,Reptile,2359,101,Sep,104,2024-09-01,20350,0.11592137592137593,11.592
2024,10,Reptile,3133,103,Oct,105,2024-10-01,20350,0.15395577395577395,15.396
2024,11,Reptile,3210,109,Nov,106,2024-11-01,20350,0.15773955773955775,15.774
2024,12,Reptile,2086,105,Dec,107,2024-12-01,20350,0.10250614250614251,10.251
2025,1,Reptile,2010,108,Jan,108,2025-01-01,20347,0.0987860618272964,9.879
2025,2,Reptile,1780,104,Feb,109,2025-02-01,20347,0.08748218410576497,8.748
2025,3,Reptile,1819,114,Mar,110,2025-03-01,20347,0.08939892858898117,8.94
2025,4,Reptile,1567,104,Apr,111,2025-04-01,20347,0.07701381038973805,7.701
2025,5,Reptile,907,97,May,112,2025-05-01,20347,0.044576596058386986,4.458
2025,6,Reptile,583,84,Jun,113,2025-06-01,20347,0.0286528726593601,2.865
2025,7,Reptile,480,88,Jul,114,2025-07-01,20347,0.02359070133189168,2.359
2025,8,Reptile,1001,89,Aug,115,2025-08-01,20347,0.04919644173588244,4.92
2025,9,Reptile,1973,110,Sep,116,2025-09-01,20347,0.09696761193296309,9.697
2025,10,Reptile,3397,122,Oct,117,2025-10-01,20347,0.16695335921757506,16.695
2025,11,Reptile,2580,114,Nov,118,2025-11-01,20347,0.12680001965891777,12.68
2025,12,Reptile,2250,110,Dec,119,2025-12-01,20347,0.11058141249324224,11.058
