CITY,LGA_CODE21,LGA_NAME21,total_species,threatened_species,threatened_pct
Adelaide,40070,Adelaide,773,4,0.517464424320828
Adelaide,40120,Adelaide Hills,416,1,0.2403846153846154
Adelaide,40700,Burnside,910,1,0.10989010989010989
Adelaide,40910,Campbelltown (SA),611,1,0.16366612111292964
Adelaide,41060,Charles Sturt,566,5,0.88339222614841
Adelaide,42600,Holdfast Bay,307,1,0.32573289902280134
Adelaide,44060,Marion,836,3,0.3588516746411483
Adelaide,44340,Mitcham,1205,2,0.16597510373443983
Adelaide,45290,Norwood Payneham and St Peters,523,1,0.19120458891013384
Adelaide,45340,Onkaparinga,1080,17,1.574074074074074
Adelaide,45680,Playford,364,2,0.5494505494505495
Adelaide,45890,Port Adelaide Enfield,759,13,1.7127799736495388
Adelaide,46510,Prospect,183,1,0.546448087431694
Adelaide,47140,Salisbury,731,14,1.915184678522572
Adelaide,47700,Tea Tree Gully,752,3,0.39893617021276595
Adelaide,49399,Unincorporated SA,154,3,1.948051948051948
Adelaide,47980,Unley,343,2,0.5830903790087464
Adelaide,48260,Walkerville,290,1,0.3448275862068966
Adelaide,48410,West Torrens,575,5,0.8695652173913043
Brisbane,31000,Brisbane,3877,34,0.8769667268506577
Brisbane,33960,Ipswich,1296,8,0.6172839506172839
Brisbane,34590,Logan,1551,7,0.4513217279174726
Brisbane,35010,Moreton Bay,3150,22,0.6984126984126984
Brisbane,36250,Redland,1202,21,1.747088186356073
Canberra–Queanbeyan,16490,Queanbeyan-Palerang Regional,1059,12,1.13314447592068
Canberra–Queanbeyan,89399,Unincorporated ACT,3098,23,0.7424144609425436
Darwin,71000,Darwin,1152,28,2.430555555555556
Darwin,71150,Darwin Waterfront Precinct,226,7,3.0973451327433628
Darwin,72300,Litchfield,510,14,2.7450980392156863
Darwin,72800,Palmerston,631,10,1.5847860538827259
Darwin,79399,Unincorporated NT,410,15,3.6585365853658534
Hobart,60410,Brighton,147,1,0.6802721088435374
Hobart,61410,Clarence,790,10,1.2658227848101267
Hobart,62610,Glenorchy,298,6,2.013422818791946
Hobart,62810,Hobart,913,8,0.8762322015334063
Hobart,63610,Kingborough,850,9,1.0588235294117647
Hobart,64810,Sorell,2,0,0.0
Melbourne,20660,Banyule,1101,9,0.8174386920980926
Melbourne,20910,Bayside (Vic.),1269,16,1.260835303388495
Melbourne,21110,Boroondara,927,6,0.6472491909385114
Melbourne,21180,Brimbank,908,7,0.7709251101321586
Melbourne,21450,Cardinia,635,9,1.4173228346456692
Melbourne,21610,Casey,1623,15,0.9242144177449169
Melbourne,21890,Darebin,1346,8,0.5943536404160475
Melbourne,22170,Frankston,1968,15,0.7621951219512195
Melbourne,22310,Glen Eira,747,4,0.535475234270415
Melbourne,22670,Greater Dandenong,877,18,2.0524515393386547
Melbourne,23110,Hobsons Bay,648,20,3.0864197530864197
Melbourne,23270,Hume,663,10,1.5082956259426847
Melbourne,23430,Kingston (Vic.),1454,14,0.9628610729023385
Melbourne,23670,Knox,1368,11,0.804093567251462
Melbourne,24210,Manningham,1473,9,0.6109979633401221
Melbourne,24330,Maribyrnong,560,6,1.0714285714285714
Melbourne,24410,Maroondah,1042,7,0.6717850287907869
Melbourne,24600,Melbourne,1069,13,1.216089803554724
Melbourne,24650,Melton,306,7,2.287581699346405
Melbourne,24970,Monash,966,11,1.1387163561076603
Melbourne,25060,Moonee Valley,733,4,0.5457025920873124
Melbourne,25250,Moreland,1056,8,0.7575757575757576
Melbourne,25340,Mornington Peninsula,1539,25,1.6244314489928524
Melbourne,25710,Nillumbik,1074,8,0.74487895716946
Melbourne,25900,Port Phillip,576,6,1.0416666666666665
Melbourne,26350,Stonnington,518,6,1.1583011583011582
Melbourne,29399,Unincorporated Vic,28,1,3.571428571428571
Melbourne,26980,Whitehorse,1600,9,0.5625
Melbourne,27070,Whittlesea,970,13,1.3402061855670102
Melbourne,27260,Wyndham,560,14,2.5
Melbourne,27350,Yarra,731,5,0.6839945280437756
Melbourne,27450,Yarra Ranges,2209,13,0.5885015844273427
Perth,50210,Armadale,604,0,0.0
Perth,50350,Bassendean,211,0,0.0
Perth,50420,Bayswater,511,15,2.935420743639922
Perth,50490,Belmont,400,0,0.0
Perth,51310,Cambridge,549,0,0.0
Perth,51330,Canning,422,9,2.132701421800948
Perth,51750,Claremont,188,0,0.0
Perth,51820,Cockburn,927,20,2.157497303128371
Perth,52170,Cottesloe,123,0,0.0
Perth,53150,East Fremantle,106,0,0.0
Perth,53430,Fremantle,275,0,0.0
Perth,53780,Gosnells,447,11,2.460850111856823
Perth,54170,Joondalup,541,10,1.8484288354898337
Perth,54200,Kalamunda,909,8,0.88008800880088
Perth,54830,Kwinana,361,5,1.3850415512465373
Perth,55110,Mandurah,395,1,0.25316455696202533
Perth,55320,Melville,484,1,0.2066115702479339
Perth,55740,Mosman Park,201,0,0.0
Perth,56090,Mundaring,551,3,0.5444646098003629
Perth,56230,Murray,193,0,0.0
Perth,56580,Nedlands,397,16,4.030226700251889
Perth,56930,Peppermint Grove,67,0,0.0
Perth,57080,Perth,584,0,0.0
Perth,57490,Rockingham,555,11,1.981981981981982
Perth,57700,Serpentine-Jarrahdale,202,3,1.4851485148514851
Perth,57840,South Perth,302,0,0.0
Perth,57910,Stirling,736,12,1.6304347826086956
Perth,57980,Subiaco,178,0,0.0
Perth,58050,Swan,665,6,0.9022556390977444
Perth,58510,Victoria Park,311,10,3.215434083601286
Perth,58570,Vincent,305,0,0.0
Perth,58760,Wanneroo,604,3,0.49668874172185434
Sydney,10500,Bayside (NSW),795,15,1.8867924528301887
Sydney,10750,Blacktown,958,20,2.0876826722338206
Sydney,10900,Blue Mountains,2226,14,0.628930817610063
Sydney,11300,Burwood,286,2,0.6993006993006993
Sydney,11450,Camden,863,17,1.9698725376593278
Sydney,11500,Campbelltown (NSW),835,13,1.5568862275449102
Sydney,11520,Canada Bay,567,8,1.4109347442680775
Sydney,11570,Canterbury-Bankstown,1136,17,1.4964788732394365
Sydney,12380,Cumberland,1064,8,0.7518796992481203
Sydney,12850,Fairfield,558,9,1.6129032258064515
Sydney,12930,Georges River,814,11,1.3513513513513513
Sydney,13800,Hawkesbury,668,12,1.7964071856287425
Sydney,14000,Hornsby,1224,10,0.8169934640522877
Sydney,14100,Hunters Hill,311,5,1.607717041800643
Sydney,14170,Inner West,996,15,1.5060240963855422
Sydney,14500,Ku-ring-gai,1327,10,0.7535795026375283
Sydney,14700,Lane Cove,508,7,1.3779527559055118
Sydney,14900,Liverpool,926,14,1.511879049676026
Sydney,15350,Mosman,627,10,1.5948963317384368
Sydney,15950,North Sydney,860,5,0.5813953488372093
Sydney,15990,Northern Beaches,1791,45,2.512562814070352
Sydney,16260,Parramatta,1594,21,1.3174404015056462
Sydney,16350,Penrith,911,15,1.646542261251372
Sydney,16550,Randwick,1053,34,3.2288698955365627
Sydney,16700,Ryde,1259,9,0.7148530579825259
Sydney,17100,Strathfield,399,5,1.2531328320802004
Sydney,17150,Sutherland Shire,1198,34,2.8380634390651087
Sydney,17200,Sydney,1221,21,1.71990171990172
Sydney,17420,The Hills Shire,978,11,1.1247443762781186
Sydney,19399,Unincorporated NSW,43,0,0.0
Sydney,18050,Waverley,421,16,3.800475059382423
Sydney,18250,Willoughby,670,9,1.3432835820895521
Sydney,18400,Wollondilly,69,1,1.4492753623188406
Sydney,18500,Woollahra,533,12,2.25140712945591
